{"val_loss": 2.4099302291870117, "val_acc": 0.0859375, "_timestamp": 1711731660.23537, "_runtime": 4.861588001251221, "_step": 1, "_wandb": {"runtime": 31}}